<?xml version="1.0" encoding="UTF-8"?>
<project-private xmlns="http://www.netbeans.org/ns/project-private/1">
    <data xmlns="http://www.netbeans.org/ns/make-project-private/1">
        <activeConfTypeElem>1</activeConfTypeElem>
        <activeConfIndexElem>0</activeConfIndexElem>
    </data>
    <editor-bookmarks xmlns="http://www.netbeans.org/ns/editor-bookmarks/2" lastBookmarkId="0"/>
    <open-files xmlns="http://www.netbeans.org/ns/projectui-open-files/2">
        <group>
            <file>file:/home/jgr97/Documentos/Grado/Jaen/Segundo/19-20/Q1/EEDD/P/P3/ME%20CAGO%20EN%20DIOS/EcoCityMoto.cpp</file>
            <file>file:/home/jgr97/Documentos/Grado/Jaen/Segundo/19-20/Q1/EEDD/P/P3/ME%20CAGO%20EN%20DIOS/Cliente.cpp</file>
            <file>file:/home/jgr97/Documentos/Grado/Jaen/Segundo/19-20/Q1/EEDD/P/P3/ME%20CAGO%20EN%20DIOS/Cliente.h</file>
            <file>file:/home/jgr97/Documentos/Grado/Jaen/Segundo/19-20/Q1/EEDD/P/P3/ME%20CAGO%20EN%20DIOS/EcoCityMoto.h</file>
            <file>file:/home/jgr97/Documentos/Grado/Jaen/Segundo/19-20/Q1/EEDD/P/P3/ME%20CAGO%20EN%20DIOS/VDinamico.h</file>
            <file>file:/home/jgr97/Documentos/Grado/Jaen/Segundo/19-20/Q1/EEDD/P/P3/ME%20CAGO%20EN%20DIOS/main.cpp</file>
            <file>file:/home/jgr97/Documentos/Grado/Jaen/Segundo/19-20/Q1/EEDD/P/P3/ME%20CAGO%20EN%20DIOS/Itinerario.cpp</file>
            <file>file:/home/jgr97/Documentos/Grado/Jaen/Segundo/19-20/Q1/EEDD/P/P3/ME%20CAGO%20EN%20DIOS/UTM.h</file>
            <file>file:/home/jgr97/Documentos/Grado/Jaen/Segundo/19-20/Q1/EEDD/P/P3/ME%20CAGO%20EN%20DIOS/AVL.h</file>
            <file>file:/home/jgr97/Documentos/Grado/Jaen/Segundo/19-20/Q1/EEDD/P/P3/ME%20CAGO%20EN%20DIOS/ListaDobleEnlazada.h</file>
        </group>
    </open-files>
</project-private>
